{
    "loss": 65.4402847290039,
    "accuracy": 0.5686274766921997
}